Metric,Value
MAE,2.50327005693746
MSE,12.855117051220278
R2,0.9536388819695626
