Metric,Value
MAE,2.4137647849075194
MSE,12.060945800627167
R2,0.9565030073554636
