Metric,Value
MAE,2.2773287640742375
MSE,10.145455358146075
R2,0.96341109525044
