Metric,Value
MAE,2.1604460990545156
MSE,9.408141833760531
R2,0.9660701670576649
